id,first_name,last_name,email,zipcode
1,John,Doe,john.doe@example.com,12345
2,Jane,Smith,jane.smith@example.com,23456
3,Jim,Brown,jim.brown@example.com,34567
4,Jack,Johnson,jack.johnson@example.com,45678
5,Jill,Williams,jill.williams@example.com,56789
6,Joe,Jones,joe.jones@example.com,67890
7,Jessica,Garcia,jessica.garcia@example.com,78901
8,Jeremy,Miller,jeremy.miller@example.com,89012
9,Janet,Davis,janet.davis@example.com,90123
10,Jason,Martinez,jason.martinez@example.com,11234
11,Julie,Hernandez,julie.hernandez@example.com,22345
12,Jeff,Lopez,jeff.lopez@example.com,33456
13,Jennifer,Gonzalez,jennifer.gonzalez@example.com,44567
14,James,Wilson,james.wilson@example.com,55678
15,Joan,Anderson,joan.anderson@example.com,66789
16,Jordan,Thomas,jordan.thomas@example.com,77890
17,Jerry,Taylor,jerry.taylor@example.com,88901
18,Joyce,Moore,joyce.moore@example.com,99012
19,Jacob,Jackson,jacob.jackson@example.com,10123
20,Judith,Martin,judith.martin@example.com,21234
21,Jose,Lee,jose.lee@example.com,32345
22,Jean,Perez,jean.perez@example.com,43456
23,Joanna,Thompson,joanna.thompson@example.com,54567
24,Joel,White,joel.white@example.com,65678
25,Joy,Lopez,joy.lopez@example.com,76789
26,Jon,Clark,jon.clark@example.com,87890
27,Jasmine,Rodriguez,jasmine.rodriguez@example.com,98901
28,Justin,Lewis,justin.lewis@example.com,10912
29,Janice,Walker,janice.walker@example.com,21023
30,Joshua,Hall,joshua.hall@example.com,32134
31,Judith,Allen,judith.allen@example.com,43245
32,Jackie,Young,jackie.young@example.com,54356
33,Jeffrey,Hernandez,jeffrey.hernandez@example.com,65467
34,Julia,King,julia.king@example.com,76578
35,Jeremy,Wright,jeremy.wright@example.com,87689
36,Janet,Lopez,janet.lopez@example.com,98790
37,Jason,Scott,jason.scott@example.com,19801
38,Jessica,Green,jessica.green@example.com,20912
39,James,Adams,james.adams@example.com,31023
40,Joan,Baker,joan.baker@example.com,42134
41,Jordan,Gonzalez,jordan.gonzalez@example.com,53245
42,Jerry,Nelson,jerry.nelson@example.com,64356
43,Joyce,Carter,joyce.carter@example.com,75467
44,Jacob,Mitchell,jacob.mitchell@example.com,86578
45,Judith,Perez,judith.perez@example.com,97689
46,Jose,Roberts,jose.roberts@example.com,18790
47,Jean,Turner,jean.turner@example.com,29801
48,Joanna,Phillips,joanna.phillips@example.com,30912
49,Joel,Campbell,joel.campbell@example.com,41023
50,Joy,Park,joy.park@example.com,52134
51,Jon,Evans,jon.evans@example.com,63245
52,Jasmine,Edwards,jasmine.edwards@example.com,74356
53,Justin,Collins,justin.collins@example.com,85467
54,Janice,Stewart,janice.stewart@example.com,96578
55,Joshua,Sanchez,joshua.sanchez@example.com,17689
56,Judith,Morris,judith.morris@example.com,28790
57,Jackie,Rogers,jackie.rogers@example.com,39801
58,Jeffrey,Reed,jeffrey.reed@example.com,40912
59,Julia,Cook,julia.cook@example.com,51023
60,Jeremy,Morgan,jeremy.morgan@example.com,62134
61,Janet,Bell,janet.bell@example.com,73245
62,Jason,Murphy,jason.murphy@example.com,84356
63,Jessica,Bailey,jessica.bailey@example.com,95467
64,James,Rivera,james.rivera@example.com,16578
65,Joan,Cooper,joan.cooper@example.com,27689
66,Jordan,Richardson,jordan.richardson@example.com,38790
67,Jerry,Cox,jerry.cox@example.com,49801
68,Joyce,Howard,joyce.howard@example.com,50912
69,Jacob,Ward,jacob.ward@example.com,61023
70,Judith,Torres,judith.torres@example.com,72134
71,Jose,Peterson,jose.peterson@example.com,83245
72,Jean,Gray,jean.gray@example.com,94356
73,Joanna,Ramirez,joanna.ramirez@example.com,15467
74,Joel,James,joel.james@example.com,26578
75,Joy,Hughes,joy.hughes@example.com,37689
76,Jon,Watson,jon.watson@example.com,48790
77,Jasmine,Brooks,jasmine.brooks@example.com,59801
78,Justin,Kelly,justin.kelly@example.com,60912
79,Janice,Sanders,janice.sanders@example.com,71023
80,Joshua,Price,joshua.price@example.com,82134
81,Judith,Bennett,judith.bennett@example.com,93245
82,Jackie,Wood,jackie.wood@example.com,14356
83,Jeffrey,Barnes,jeffrey.barnes@example.com,25467
84,Julia,Ross,julia.ross@example.com,36578
85,Jeremy,Henderson,jeremy.henderson@example.com,47689
86,Janet,Coleman,janet.coleman@example.com,58790
87,Jason,Jenkins,jason.jenkins@example.com,69801
88,Jessica,Perry,jessica.perry@example.com,70912
89,James,Powell,james.powell@example.com,81023
90,Joan,Long,joan.long@example.com,92134
91,Jordan,Patterson,jordan.patterson@example.com,13245
92,Jerry,Hughes,jerry.hughes@example.com,24356
93,Joyce,Flores,joyce.flores@example.com,35467
94,Jacob,Washington,jacob.washington@example.com,46578
95,Judith,Butler,judith.butler@example.com,57689
96,Jose,Simmons,jose.simmons@example.com,68790
97,Jean,Foster,jean.foster@example.com,79801
98,Joanna,Gonzales,joanna.gonzales@example.com,80912
99,Joel,Bryant,joel.bryant@example.com,91023
100,Joy,Alexander,joy.alexander@example.com,12134